clase,n,WMAPE,MAE
05CHAR     ,96977,28.771891241600834,1.641010399145362
03CARN     ,46478,25.273185574347078,5.995283015896642
08FRUV     ,134895,21.340004168456463,3.2613880563474136
