clase,n,WMAPE,MAE
05CHAR     ,96977,28.86137738253771,1.6461142585553574
03CARN     ,46478,25.413207783838182,6.028498962178555
08FRUV     ,134895,21.297306473590172,3.254862577206396
