q,MAE,n,WMAPE
Bajo,0.5842986955761049,90103,98.94462834061751
Medio-Bajo,0.8448938251937668,49119,47.23470099022201
Medio-Alto,1.8996539197769378,69541,37.69350003390405
Alto,9.781016374384503,69587,21.100160480332296
