clase,n,WMAPE,MAE
05CHAR     ,96977,29.03632270772028,1.6560922991191758
03CARN     ,46478,25.881793007498032,6.139656339812799
08FRUV     ,134895,21.487363458736894,3.2839089436686457
