sucursal_id,n,WMAPE,MAE
SUC004,67862,26.607337788351536,2.9394681632474233
SUC002,73232,24.740071071163626,3.5095934962947277
SUC003,63572,23.645824011282706,3.579627509072091
SUC001,73684,23.05975990198421,3.0240758566989547
