clase,n,WMAPE,MAE
05CHAR     ,96977,28.969790045256104,1.6522975958071917
03CARN     ,46478,26.893960102771736,6.379761734429269
08FRUV     ,134895,21.834012058702047,3.3368871715429878
